url	local_path	status	content_type	bytes
https://stadion-maksimir.zagreb.hr/hr	site/hr.html	200	text/html	135671
https://stadion-maksimir.zagreb.hr/en	site/en.html	200	text/html	140607
https://stadion-maksimir.zagreb.hr/	site/index.html	200	text/html	135663
https://stadion-maksimir.zagreb.hr/Home/SetLanguage?lang=en&returnUrl=%2Fhr	site/Home/SetLanguage__lang_en_returnUrl__2Fhr.html	200	text/html	140607
https://stadion-maksimir.zagreb.hr/Home/SetLanguage?lang=hr&returnUrl=%2Fhr	site/Home/SetLanguage__lang_hr_returnUrl__2Fhr.html	200	text/html	135663
https://stadion-maksimir.zagreb.hr/hr/dokumentacija/66	site/hr/dokumentacija/66.html	200	text/html	126576
https://stadion-maksimir.zagreb.hr/hr/vijesti-34/34	site/hr/vijesti-34/34.html	200	text/html	121972
https://stadion-maksimir.zagreb.hr/hr/tijek-dogadjanja/68	site/hr/tijek-dogadjanja/68.html	200	text/html	121792
https://stadion-maksimir.zagreb.hr/hr/ocjenjivacki-sud/110	site/hr/ocjenjivacki-sud/110.html	200	text/html	127516
https://stadion-maksimir.zagreb.hr/hr/registracija/124	site/hr/registracija/124.html	200	text/html	121662
https://stadion-maksimir.zagreb.hr/UserDocsImages/dokumenti/Competition Brochure_Maksimir Stadium_Svetice SRC.pdf	site/UserDocsImages/dokumenti/Competition Brochure_Maksimir Stadium_Svetice SRC.pdf	200	application/pdf	38679233
https://stadion-maksimir.zagreb.hr/Content/img/favicon/apple-touch-icon.png	site/Content/img/favicon/apple-touch-icon.png	200	image/png	13380
https://stadion-maksimir.zagreb.hr/Content/img/favicon/favicon.svg	site/Content/img/favicon/favicon.svg	200	image/svg+xml	18236
https://stadion-maksimir.zagreb.hr/Content/img/favicon/favicon-96x96.png	site/Content/img/favicon/favicon-96x96.png	200	image/png	2260
https://stadion-maksimir.zagreb.hr/Content/img/favicon/favicon.ico?v=3	site/Content/img/favicon/favicon__v_3.ico	200	image/x-icon	15086
https://stadion-maksimir.zagreb.hr/css/gd-cookie.css	site/css/gd-cookie.css	200	text/css	5897
https://stadion-maksimir.zagreb.hr/Content/css/fonts.css	site/Content/css/fonts.css	200	text/css	254
https://stadion-maksimir.zagreb.hr/Content/css/swiper-bundle.min.css	site/Content/css/swiper-bundle.min.css	200	text/css	13918
https://stadion-maksimir.zagreb.hr/Content/css/lightgallery-bundle.min.css	site/Content/css/lightgallery-bundle.min.css	200	text/css	31054
https://stadion-maksimir.zagreb.hr/Content/css/flatpickr.min.css	site/Content/css/flatpickr.min.css	200	text/css	16166
https://stadion-maksimir.zagreb.hr/Content/css/style.css	site/Content/css/style.css	200	text/css	43077
https://stadion-maksimir.zagreb.hr/Content/css/media-queries.css	site/Content/css/media-queries.css	200	text/css	22044
https://stadion-maksimir.zagreb.hr/AccessibilityWidget/Css/styles.css?v=2	site/AccessibilityWidget/Css/styles__v_2.css	200	text/css	9811
https://stadion-maksimir.zagreb.hr/Scripts/gd-cookie-config-hr.js	site/Scripts/gd-cookie-config-hr.js	200	application/javascript	2632
https://stadion-maksimir.zagreb.hr/Scripts/gd-cookie.js	site/Scripts/gd-cookie.js	200	application/javascript	26043
https://stadion-maksimir.zagreb.hr/AccessibilityWidget/core.js	site/AccessibilityWidget/core.js	200	application/javascript	15740
https://stadion-maksimir.zagreb.hr/AccessibilityWidget/Modules/_modules_options.js	site/AccessibilityWidget/Modules/_modules_options.js	200	application/javascript	4572
https://stadion-maksimir.zagreb.hr/AccessibilityWidget/Modules/contrast.js	site/AccessibilityWidget/Modules/contrast.js	200	application/javascript	6031
https://stadion-maksimir.zagreb.hr/AccessibilityWidget/Modules/font-size.js	site/AccessibilityWidget/Modules/font-size.js	200	application/javascript	3523
https://stadion-maksimir.zagreb.hr/AccessibilityWidget/Modules/line-height.js	site/AccessibilityWidget/Modules/line-height.js	200	application/javascript	3351
https://stadion-maksimir.zagreb.hr/AccessibilityWidget/Modules/text-to-speech.js	site/AccessibilityWidget/Modules/text-to-speech.js	200	application/javascript	7675
https://stadion-maksimir.zagreb.hr/AccessibilityWidget/Modules/highlight-links.js	site/AccessibilityWidget/Modules/highlight-links.js	200	application/javascript	2225
https://stadion-maksimir.zagreb.hr/AccessibilityWidget/Modules/text-spacing.js	site/AccessibilityWidget/Modules/text-spacing.js	200	application/javascript	1879
https://stadion-maksimir.zagreb.hr/AccessibilityWidget/Modules/hide-images.js	site/AccessibilityWidget/Modules/hide-images.js	200	application/javascript	1240
https://stadion-maksimir.zagreb.hr/AccessibilityWidget/Modules/text-align.js	site/AccessibilityWidget/Modules/text-align.js	200	application/javascript	1830
https://stadion-maksimir.zagreb.hr/AccessibilityWidget/Modules/oversized-panel.js	site/AccessibilityWidget/Modules/oversized-panel.js	200	application/javascript	2145
https://stadion-maksimir.zagreb.hr/AccessibilityWidget/Modules/saturation.js	site/AccessibilityWidget/Modules/saturation.js	200	application/javascript	2942
https://stadion-maksimir.zagreb.hr/AccessibilityWidget/Modules/tooltip.js	site/AccessibilityWidget/Modules/tooltip.js	200	application/javascript	5390
https://stadion-maksimir.zagreb.hr/AccessibilityWidget/Modules/stop-animations.js	site/AccessibilityWidget/Modules/stop-animations.js	200	application/javascript	2647
https://stadion-maksimir.zagreb.hr/AccessibilityWidget/Modules/dyslexia-font.js	site/AccessibilityWidget/Modules/dyslexia-font.js	200	application/javascript	4188
https://stadion-maksimir.zagreb.hr/AccessibilityWidget/Modules/reading-mask.js	site/AccessibilityWidget/Modules/reading-mask.js	200	application/javascript	3446
https://stadion-maksimir.zagreb.hr/AccessibilityWidget/Modules/cursor-size.js	site/AccessibilityWidget/Modules/cursor-size.js	200	application/javascript	5326
https://stadion-maksimir.zagreb.hr/AccessibilityWidget/Modules/reading-guide.js	site/AccessibilityWidget/Modules/reading-guide.js	200	application/javascript	3594
https://stadion-maksimir.zagreb.hr/Content/js/jquery-3.7.1.min.js	site/Content/js/jquery-3.7.1.min.js	200	application/javascript	87533
https://stadion-maksimir.zagreb.hr/Content/js/enquire-crossbrowser.min.js	site/Content/js/enquire-crossbrowser.min.js	200	application/javascript	4662
https://stadion-maksimir.zagreb.hr/Content/js/swiper-bundle.min.js	site/Content/js/swiper-bundle.min.js	200	application/javascript	154200
https://stadion-maksimir.zagreb.hr/Content/js/lightgallery.umd.js	site/Content/js/lightgallery.umd.js	200	application/javascript	128168
https://stadion-maksimir.zagreb.hr/Content/js/lg-thumbnail.umd.js	site/Content/js/lg-thumbnail.umd.js	200	application/javascript	21675
https://stadion-maksimir.zagreb.hr/Content/js/lg-zoom.umd.js	site/Content/js/lg-zoom.umd.js	200	application/javascript	44314
https://stadion-maksimir.zagreb.hr/Content/js/lg-video.umd.js	site/Content/js/lg-video.umd.js	200	application/javascript	25796
https://stadion-maksimir.zagreb.hr/Content/js/script.js	site/Content/js/script.js	200	application/javascript	4862
https://stadion-maksimir.zagreb.hr/UserDocsImages/slike/Naslovnica/02_max_from_east.png	site/UserDocsImages/slike/Naslovnica/02_max_from_east.png	200	image/png	11449530
https://stadion-maksimir.zagreb.hr/UserDocsImages/slike/Naslovnica/03_Maksimir_zones.jpg	site/UserDocsImages/slike/Naslovnica/03_Maksimir_zones.jpg	200	image/jpeg	711960
https://stadion-maksimir.zagreb.hr/UserDocsImages/slike/2026/04_Maksimir park.png?preset=main-slider	site/UserDocsImages/slike/2026/04_Maksimir park__preset_main-slider.png	200	image/png	1085594
https://stadion-maksimir.zagreb.hr/UserDocsImages/slike/2026/05_Maksimir map_Zornberg.png?preset=main-slider	site/UserDocsImages/slike/2026/05_Maksimir map_Zornberg__preset_main-slider.png	200	image/png	744403
https://stadion-maksimir.zagreb.hr/UserDocsImages/slike/2026/06_Maksimir Park_1960.png?preset=main-slider	site/UserDocsImages/slike/2026/06_Maksimir Park_1960__preset_main-slider.png	200	image/png	820654
https://stadion-maksimir.zagreb.hr/UserDocsImages/slike/2026/7_Svetice_sokol_1887.png?preset=main-slider	site/UserDocsImages/slike/2026/7_Svetice_sokol_1887__preset_main-slider.png	200	image/png	788798
https://stadion-maksimir.zagreb.hr/UserDocsImages/slike/2026/08_Sokol stadium.png?preset=main-slider	site/UserDocsImages/slike/2026/08_Sokol stadium__preset_main-slider.png	200	image/png	832654
https://stadion-maksimir.zagreb.hr/UserDocsImages/slike/2026/09_Maks_1946_stadium.jpg?preset=main-slider	site/UserDocsImages/slike/2026/09_Maks_1946_stadium__preset_main-slider.jpg	200	image/jpeg	79320
https://stadion-maksimir.zagreb.hr/UserDocsImages/slike/2026/10_Maks stadium_1955.png?preset=main-slider	site/UserDocsImages/slike/2026/10_Maks stadium_1955__preset_main-slider.png	200	image/png	529935
https://stadion-maksimir.zagreb.hr/UserDocsImages/slike/2026/10_Maks_gimnaestrada_1957.png?preset=main-slider	site/UserDocsImages/slike/2026/10_Maks_gimnaestrada_1957__preset_main-slider.png	200	image/png	897178
https://stadion-maksimir.zagreb.hr/UserDocsImages/slike/2026/11_zapadna tribina.png?preset=main-slider	site/UserDocsImages/slike/2026/11_zapadna tribina__preset_main-slider.png	200	image/png	686262
https://stadion-maksimir.zagreb.hr/UserDocsImages/slike/2026/12_MAKS_1973.png?preset=main-slider	site/UserDocsImages/slike/2026/12_MAKS_1973__preset_main-slider.png	200	image/png	824174
https://stadion-maksimir.zagreb.hr/UserDocsImages/slike/2026/13_MAKS_univerzijada_1987.png?preset=main-slider	site/UserDocsImages/slike/2026/13_MAKS_univerzijada_1987__preset_main-slider.png	200	image/png	687251
https://stadion-maksimir.zagreb.hr/UserDocsImages/slike/2026/14_Maks_stadium_2025.png?preset=main-slider	site/UserDocsImages/slike/2026/14_Maks_stadium_2025__preset_main-slider.png	200	image/png	916817
https://stadion-maksimir.zagreb.hr/UserDocsImages/slike/Naslovnica/15_Maks_stadium_1955.jpg	site/UserDocsImages/slike/Naslovnica/15_Maks_stadium_1955.jpg	200	image/jpeg	441679
https://stadion-maksimir.zagreb.hr/UserDocsImages/logotipovi/daz-logo.svg	site/UserDocsImages/logotipovi/daz-logo.svg	200	image/svg+xml	1166
https://stadion-maksimir.zagreb.hr/UserDocsImages/logotipovi/institut-logo-hr.svg	site/UserDocsImages/logotipovi/institut-logo-hr.svg	200	image/svg+xml	9954
https://stadion-maksimir.zagreb.hr/Home/SetLanguage?lang=en&returnUrl=%2Fen	site/Home/SetLanguage__lang_en_returnUrl__2Fen.html	200	text/html	140607
https://stadion-maksimir.zagreb.hr/Home/SetLanguage?lang=hr&returnUrl=%2Fen	site/Home/SetLanguage__lang_hr_returnUrl__2Fen.html	200	text/html	135663
https://stadion-maksimir.zagreb.hr/en/documentation/66	site/en/documentation/66.html	200	text/html	131610
https://stadion-maksimir.zagreb.hr/en/news/34	site/en/news/34.html	200	text/html	127169
https://stadion-maksimir.zagreb.hr/en/timeline/68	site/en/timeline/68.html	200	text/html	126984
https://stadion-maksimir.zagreb.hr/en/jury-members/110	site/en/jury-members/110.html	200	text/html	132673
https://stadion-maksimir.zagreb.hr/en/registration/124	site/en/registration/124.html	200	text/html	127002
https://stadion-maksimir.zagreb.hr/Scripts/gd-cookie-config-en.js	site/Scripts/gd-cookie-config-en.js	200	application/javascript	2335
https://stadion-maksimir.zagreb.hr/AccessibilityWidget/Modules/_modules_options_en.js	site/AccessibilityWidget/Modules/_modules_options_en.js	200	application/javascript	4514
https://stadion-maksimir.zagreb.hr/UserDocsImages/logotipovi/institut-logo-en.svg	site/UserDocsImages/logotipovi/institut-logo-en.svg	200	image/svg+xml	10010
https://stadion-maksimir.zagreb.hr/Home/SetLanguage?lang=en&returnUrl=%2F	site/Home/SetLanguage__lang_en_returnUrl__2F.html	200	text/html	140607
https://stadion-maksimir.zagreb.hr/Home/SetLanguage?lang=hr&returnUrl=%2F	site/Home/SetLanguage__lang_hr_returnUrl__2F.html	200	text/html	135663
https://stadion-maksimir.zagreb.hr/Home/UserDocsImages/dokumenti/Competition Brochure_Maksimir Stadium_Svetice SRC.pdf		ERROR		0
https://stadion-maksimir.zagreb.hr/Home/UserDocsImages/slike/Naslovnica/02_max_from_east.png		ERROR		0
https://stadion-maksimir.zagreb.hr/Home/UserDocsImages/slike/Naslovnica/03_Maksimir_zones.jpg		ERROR		0
https://stadion-maksimir.zagreb.hr/Home/UserDocsImages/slike/Naslovnica/15_Maks_stadium_1955.jpg		ERROR		0
https://stadion-maksimir.zagreb.hr/Home/SetLanguage?lang=en&returnUrl=%2Fhr%2Fdokumentacija%2F66	site/Home/SetLanguage__lang_en_returnUrl__2Fhr_2Fdokumentacija_2F66.html	200	text/html	131610
https://stadion-maksimir.zagreb.hr/Home/SetLanguage?lang=hr&returnUrl=%2Fhr%2Fdokumentacija%2F66	site/Home/SetLanguage__lang_hr_returnUrl__2Fhr_2Fdokumentacija_2F66.html	200	text/html	126576
https://stadion-maksimir.zagreb.hr/UserDocsImages/dokumenti/Uvjeti natjecaja_Stadion Maksimir_SRC Svetice.pdf	site/UserDocsImages/dokumenti/Uvjeti natjecaja_Stadion Maksimir_SRC Svetice.pdf	200	application/pdf	1326135
https://stadion-maksimir.zagreb.hr/UserDocsImages/dokumenti/Natjecajni program_Stadion Maksimir_SRC Svetice.pdf	site/UserDocsImages/dokumenti/Natjecajni program_Stadion Maksimir_SRC Svetice.pdf	200	application/pdf	67046213
https://stadion-maksimir.zagreb.hr/Home/SetLanguage?lang=en&returnUrl=%2Fhr%2Fvijesti-34%2F34	site/Home/SetLanguage__lang_en_returnUrl__2Fhr_2Fvijesti-34_2F34.html	200	text/html	127169
https://stadion-maksimir.zagreb.hr/Home/SetLanguage?lang=hr&returnUrl=%2Fhr%2Fvijesti-34%2F34	site/Home/SetLanguage__lang_hr_returnUrl__2Fhr_2Fvijesti-34_2F34.html	200	text/html	121972
https://stadion-maksimir.zagreb.hr/UserDocsImages/Vijesti/Vijest2.jpg?preset=news-list	site/UserDocsImages/Vijesti/Vijest2__preset_news-list.jpg	200	image/jpeg	63775
https://stadion-maksimir.zagreb.hr/UserDocsImages/Vijesti/Vijest1.jpg?preset=news-list	site/UserDocsImages/Vijesti/Vijest1__preset_news-list.jpg	200	image/jpeg	52971
https://stadion-maksimir.zagreb.hr/Home/SetLanguage?lang=en&returnUrl=%2Fhr%2Ftijek-dogadjanja%2F68	site/Home/SetLanguage__lang_en_returnUrl__2Fhr_2Ftijek-dogadjanja_2F68.html	200	text/html	126984
https://stadion-maksimir.zagreb.hr/Home/SetLanguage?lang=hr&returnUrl=%2Fhr%2Ftijek-dogadjanja%2F68	site/Home/SetLanguage__lang_hr_returnUrl__2Fhr_2Ftijek-dogadjanja_2F68.html	200	text/html	121792
https://stadion-maksimir.zagreb.hr/hr/Content/js/jquery-3.7.1.min.js		ERROR		0
https://stadion-maksimir.zagreb.hr/hr/Content/js/enquire-crossbrowser.min.js		ERROR		0
https://stadion-maksimir.zagreb.hr/hr/Content/js/swiper-bundle.min.js		ERROR		0
https://stadion-maksimir.zagreb.hr/hr/Content/js/lightgallery.umd.js		ERROR		0
https://stadion-maksimir.zagreb.hr/hr/Content/js/lg-thumbnail.umd.js		ERROR		0
https://stadion-maksimir.zagreb.hr/hr/Content/js/lg-zoom.umd.js		ERROR		0
https://stadion-maksimir.zagreb.hr/hr/Content/js/lg-video.umd.js		ERROR		0
https://stadion-maksimir.zagreb.hr/hr/Content/js/script.js		ERROR		0
https://stadion-maksimir.zagreb.hr/Home/SetLanguage?lang=en&returnUrl=%2Fhr%2Focjenjivacki-sud%2F110	site/Home/SetLanguage__lang_en_returnUrl__2Fhr_2Focjenjivacki-sud_2F110.html	200	text/html	132673
https://stadion-maksimir.zagreb.hr/Home/SetLanguage?lang=hr&returnUrl=%2Fhr%2Focjenjivacki-sud%2F110	site/Home/SetLanguage__lang_hr_returnUrl__2Fhr_2Focjenjivacki-sud_2F110.html	200	text/html	127516
https://stadion-maksimir.zagreb.hr/hr/UserDocsImages/OcjenjivackiSud/01_Francois Chas.jpg		ERROR		0
https://stadion-maksimir.zagreb.hr/hr/UserDocsImages/OcjenjivackiSud/02_Kersten Geers.jpg		ERROR		0
https://stadion-maksimir.zagreb.hr/hr/UserDocsImages/OcjenjivackiSud/3_Vasa Perovic.jpg		ERROR		0
https://stadion-maksimir.zagreb.hr/hr/UserDocsImages/OcjenjivackiSud/04_Nenad Fabijanic.jpg		ERROR		0
https://stadion-maksimir.zagreb.hr/hr/UserDocsImages/OcjenjivackiSud/05_TOma Plejic.jpg		ERROR		0
https://stadion-maksimir.zagreb.hr/hr/UserDocsImages/OcjenjivackiSud/6_Mia_Roth_Cerina.jpg		ERROR		0
https://stadion-maksimir.zagreb.hr/hr/UserDocsImages/OcjenjivackiSud/07_Zvonimir Boban.jpg		ERROR		0
https://stadion-maksimir.zagreb.hr/hr/UserDocsImages/OcjenjivackiSud/08_Tonci Glavina.jpg		ERROR		0
https://stadion-maksimir.zagreb.hr/hr/UserDocsImages/OcjenjivackiSud/09_Tomislav Tomasevic.jpg		ERROR		0
https://stadion-maksimir.zagreb.hr/hr/UserDocsImages/OcjenjivackiSud/10_Vjera Bakic.jpg		ERROR		0
https://stadion-maksimir.zagreb.hr/hr/UserDocsImages/OcjenjivackiSud/11_Iva Hudan.jpg		ERROR		0
https://stadion-maksimir.zagreb.hr/hr/UserDocsImages/OcjenjivackiSud/12_Luka Korlaet.jpg		ERROR		0
https://stadion-maksimir.zagreb.hr/Home/SetLanguage?lang=en&returnUrl=%2Fhr%2Fregistracija%2F124	site/Home/SetLanguage__lang_en_returnUrl__2Fhr_2Fregistracija_2F124.html	200	text/html	127002
https://stadion-maksimir.zagreb.hr/Home/SetLanguage?lang=hr&returnUrl=%2Fhr%2Fregistracija%2F124	site/Home/SetLanguage__lang_hr_returnUrl__2Fhr_2Fregistracija_2F124.html	200	text/html	121662
https://stadion-maksimir.zagreb.hr/Home/SetLanguage?lang=en&returnUrl=%2Fen%2Fdocumentation%2F66	site/Home/SetLanguage__lang_en_returnUrl__2Fen_2Fdocumentation_2F66.html	200	text/html	131610
https://stadion-maksimir.zagreb.hr/Home/SetLanguage?lang=hr&returnUrl=%2Fen%2Fdocumentation%2F66	site/Home/SetLanguage__lang_hr_returnUrl__2Fen_2Fdocumentation_2F66.html	200	text/html	126576
https://stadion-maksimir.zagreb.hr/UserDocsImages/dokumenti/Competition Terms and Conditions_Maksimir Stradium_Svetice SRC.pdf	site/UserDocsImages/dokumenti/Competition Terms and Conditions_Maksimir Stradium_Svetice SRC.pdf	200	application/pdf	1398118
https://stadion-maksimir.zagreb.hr/UserDocsImages/dokumenti/Competition Programme_Maksimir Stadium_Svetice SRC.pdf	site/UserDocsImages/dokumenti/Competition Programme_Maksimir Stadium_Svetice SRC.pdf	200	application/pdf	66836413
https://stadion-maksimir.zagreb.hr/Home/SetLanguage?lang=en&returnUrl=%2Fen%2Fnews%2F34	site/Home/SetLanguage__lang_en_returnUrl__2Fen_2Fnews_2F34.html	200	text/html	127169
https://stadion-maksimir.zagreb.hr/Home/SetLanguage?lang=hr&returnUrl=%2Fen%2Fnews%2F34	site/Home/SetLanguage__lang_hr_returnUrl__2Fen_2Fnews_2F34.html	200	text/html	121972
https://stadion-maksimir.zagreb.hr/Home/SetLanguage?lang=en&returnUrl=%2Fen%2Ftimeline%2F68	site/Home/SetLanguage__lang_en_returnUrl__2Fen_2Ftimeline_2F68.html	200	text/html	126984
https://stadion-maksimir.zagreb.hr/Home/SetLanguage?lang=hr&returnUrl=%2Fen%2Ftimeline%2F68	site/Home/SetLanguage__lang_hr_returnUrl__2Fen_2Ftimeline_2F68.html	200	text/html	121792
https://stadion-maksimir.zagreb.hr/en/Content/js/jquery-3.7.1.min.js		ERROR		0
https://stadion-maksimir.zagreb.hr/en/Content/js/enquire-crossbrowser.min.js		ERROR		0
https://stadion-maksimir.zagreb.hr/en/Content/js/swiper-bundle.min.js		ERROR		0
https://stadion-maksimir.zagreb.hr/en/Content/js/lightgallery.umd.js		ERROR		0
https://stadion-maksimir.zagreb.hr/en/Content/js/lg-thumbnail.umd.js		ERROR		0
https://stadion-maksimir.zagreb.hr/en/Content/js/lg-zoom.umd.js		ERROR		0
https://stadion-maksimir.zagreb.hr/en/Content/js/lg-video.umd.js		ERROR		0
https://stadion-maksimir.zagreb.hr/en/Content/js/script.js		ERROR		0
https://stadion-maksimir.zagreb.hr/Home/SetLanguage?lang=en&returnUrl=%2Fen%2Fjury-members%2F110	site/Home/SetLanguage__lang_en_returnUrl__2Fen_2Fjury-members_2F110.html	200	text/html	132673
https://stadion-maksimir.zagreb.hr/Home/SetLanguage?lang=hr&returnUrl=%2Fen%2Fjury-members%2F110	site/Home/SetLanguage__lang_hr_returnUrl__2Fen_2Fjury-members_2F110.html	200	text/html	127516
https://stadion-maksimir.zagreb.hr/en/UserDocsImages/OcjenjivackiSud/01_Francois Chas.jpg		ERROR		0
https://stadion-maksimir.zagreb.hr/en/UserDocsImages/OcjenjivackiSud/02_Kersten Geers.jpg		ERROR		0
https://stadion-maksimir.zagreb.hr/en/UserDocsImages/OcjenjivackiSud/3_Vasa Perovic.jpg		ERROR		0
https://stadion-maksimir.zagreb.hr/en/UserDocsImages/OcjenjivackiSud/04_Nenad Fabijanic.jpg		ERROR		0
https://stadion-maksimir.zagreb.hr/en/UserDocsImages/OcjenjivackiSud/05_Toma Plejic.jpg		ERROR		0
https://stadion-maksimir.zagreb.hr/en/UserDocsImages/OcjenjivackiSud/6_Mia_Roth_Cerina.jpg		ERROR		0
https://stadion-maksimir.zagreb.hr/en/UserDocsImages/OcjenjivackiSud/07_Zvonimir Boban.jpg		ERROR		0
https://stadion-maksimir.zagreb.hr/en/UserDocsImages/OcjenjivackiSud/08_Tonci Glavina.jpg		ERROR		0
https://stadion-maksimir.zagreb.hr/en/UserDocsImages/OcjenjivackiSud/09_Tomislav Tomasevic.jpg		ERROR		0
https://stadion-maksimir.zagreb.hr/en/UserDocsImages/OcjenjivackiSud/10_Vjera Bakic.jpg		ERROR		0
https://stadion-maksimir.zagreb.hr/en/UserDocsImages/OcjenjivackiSud/11_Iva Hudan.jpg		ERROR		0
https://stadion-maksimir.zagreb.hr/en/UserDocsImages/OcjenjivackiSud/12_Luka Korlaet.jpg		ERROR		0
https://stadion-maksimir.zagreb.hr/Home/SetLanguage?lang=en&returnUrl=%2Fen%2Fregistration%2F124	site/Home/SetLanguage__lang_en_returnUrl__2Fen_2Fregistration_2F124.html	200	text/html	127002
https://stadion-maksimir.zagreb.hr/Home/SetLanguage?lang=hr&returnUrl=%2Fen%2Fregistration%2F124	site/Home/SetLanguage__lang_hr_returnUrl__2Fen_2Fregistration_2F124.html	200	text/html	121662
https://stadion-maksimir.zagreb.hr/UserDocsImages/OcjenjivackiSud/01_Francois Chas.jpg	site/UserDocsImages/OcjenjivackiSud/01_Francois Chas.jpg	200	image/jpeg	106679
https://stadion-maksimir.zagreb.hr/UserDocsImages/OcjenjivackiSud/02_Kersten Geers.jpg	site/UserDocsImages/OcjenjivackiSud/02_Kersten Geers.jpg	200	image/jpeg	60614
https://stadion-maksimir.zagreb.hr/UserDocsImages/OcjenjivackiSud/3_Vasa Perovic.jpg	site/UserDocsImages/OcjenjivackiSud/3_Vasa Perovic.jpg	200	image/jpeg	261807
https://stadion-maksimir.zagreb.hr/UserDocsImages/OcjenjivackiSud/04_Nenad Fabijanic.jpg	site/UserDocsImages/OcjenjivackiSud/04_Nenad Fabijanic.jpg	200	image/jpeg	49605
https://stadion-maksimir.zagreb.hr/UserDocsImages/OcjenjivackiSud/05_Toma Plejic.jpg	site/UserDocsImages/OcjenjivackiSud/05_Toma Plejic.jpg	200	image/jpeg	217670
https://stadion-maksimir.zagreb.hr/UserDocsImages/OcjenjivackiSud/6_Mia_Roth_Cerina.jpg	site/UserDocsImages/OcjenjivackiSud/6_Mia_Roth_Cerina.jpg	200	image/jpeg	92375
https://stadion-maksimir.zagreb.hr/UserDocsImages/OcjenjivackiSud/07_Zvonimir Boban.jpg	site/UserDocsImages/OcjenjivackiSud/07_Zvonimir Boban.jpg	200	image/jpeg	262894
https://stadion-maksimir.zagreb.hr/UserDocsImages/OcjenjivackiSud/08_Tonci Glavina.jpg	site/UserDocsImages/OcjenjivackiSud/08_Tonci Glavina.jpg	200	image/jpeg	221001
https://stadion-maksimir.zagreb.hr/UserDocsImages/OcjenjivackiSud/09_Tomislav Tomasevic.jpg	site/UserDocsImages/OcjenjivackiSud/09_Tomislav Tomasevic.jpg	200	image/jpeg	268673
https://stadion-maksimir.zagreb.hr/UserDocsImages/OcjenjivackiSud/10_Vjera Bakic.jpg	site/UserDocsImages/OcjenjivackiSud/10_Vjera Bakic.jpg	200	image/jpeg	143855
https://stadion-maksimir.zagreb.hr/UserDocsImages/OcjenjivackiSud/11_Iva Hudan.jpg	site/UserDocsImages/OcjenjivackiSud/11_Iva Hudan.jpg	200	image/jpeg	149588
https://stadion-maksimir.zagreb.hr/UserDocsImages/OcjenjivackiSud/12_Luka Korlaet.jpg	site/UserDocsImages/OcjenjivackiSud/12_Luka Korlaet.jpg	200	image/jpeg	40441
https://stadion-maksimir.zagreb.hr/UserDocsImages/OcjenjivackiSud/05_TOma Plejic.jpg	site/UserDocsImages/OcjenjivackiSud/05_TOma Plejic.jpg	200	image/jpeg	217670
